billing_period,product_code,usage_type,unit,usage_amount,unblended_cost_usd
month-1,AmazonBedrock,USE1-Claude4.5Sonnet-input-tokens,tokens,3534240000,10602.72
month-1,AmazonBedrock,USE1-Claude4.5Sonnet-output-tokens,tokens,234210000,3513.15
month-1,AmazonBedrock,USE1-TitanEmbedTextV2-input-tokens,tokens,76220000,1.52
month-1,AmazonBedrock,USE1-Guardrail-ContentPolicyUnitsConsumed,text-units,1332000,199.80
month-1,AmazonBedrock,USE1-Guardrail-TopicPolicyUnitsConsumed,text-units,1332000,199.80
month-1,AmazonOpenSearchServerless,USE1-IndexingOCU,OCU-hours,1460,350.40
month-1,AmazonOpenSearchServerless,USE1-SearchOCU,OCU-hours,1460,350.40
month-2,AmazonBedrock,USE1-Claude4.5Sonnet-input-tokens,tokens,4107360000,12322.08
month-2,AmazonBedrock,USE1-Claude4.5Sonnet-output-tokens,tokens,272190000,4082.85
month-2,AmazonBedrock,USE1-TitanEmbedTextV2-input-tokens,tokens,88580000,1.77
month-2,AmazonBedrock,USE1-Guardrail-ContentPolicyUnitsConsumed,text-units,1548000,232.20
month-2,AmazonBedrock,USE1-Guardrail-TopicPolicyUnitsConsumed,text-units,1548000,232.20
month-2,AmazonOpenSearchServerless,USE1-IndexingOCU,OCU-hours,1460,350.40
month-2,AmazonOpenSearchServerless,USE1-SearchOCU,OCU-hours,1460,350.40
month-3,AmazonBedrock,USE1-Claude4.5Sonnet-input-tokens,tokens,4797000000,14391.00
month-3,AmazonBedrock,USE1-Claude4.5Sonnet-output-tokens,tokens,316500000,4747.50
month-3,AmazonBedrock,USE1-TitanEmbedTextV2-input-tokens,tokens,103000000,2.06
month-3,AmazonBedrock,USE1-Guardrail-ContentPolicyUnitsConsumed,text-units,1800000,270.00
month-3,AmazonBedrock,USE1-Guardrail-TopicPolicyUnitsConsumed,text-units,1800000,270.00
month-3,AmazonOpenSearchServerless,USE1-IndexingOCU,OCU-hours,1460,350.40
month-3,AmazonOpenSearchServerless,USE1-SearchOCU,OCU-hours,1460,350.40
